Results Scores for CC,Ground Truth Labels
0.9627,5.514289855957031
0.9318,5.567570209503174
0.8779,4.944439888000488
0.8,4.378379821777344
0.6927,3.8648600578308105
0.9896,6.0285701751708975
0.9804,6.108109951019287
0.9623,5.388889789581299
0.9317,4.714290142059326
0.8786,4.361110210418701
0.9704,4.771430015563965
0.9437,4.270269870758057
0.9004,3.702699899673462
0.8307,3.1944398880004883
0.7344,2.714289903640747
0.982,5.9714298248291025
0.9649,5.756760120391847
0.9326,5.270269870758057
0.8824,5.243239879608153
0.7895,4.714290142059326
0.9613,5.918920040130615
0.9291,5.702700138092041
0.8267,5.083330154418945
0.6495,4.138889789581299
0.4193,3.138890027999878
0.9757,4.0
0.9486,3.891890048980713
0.9057,3.729729890823364
0.8348,3.4857099056243896
0.7225,2.9444398880004883
0.9687,5.083330154418945
0.9295,4.75
0.9063,4.0
0.8553,3.2222199440002437
0.7806,2.1944398880004883
0.9691,5.189189910888672
0.8992,4.472219944000244
0.7418,3.48649001121521
0.5433,3.0
0.3859,2.1111099720001216
0.9549,6.083330154418945
0.9093,5.166669845581055
0.7997,4.428569793701172
0.6459,2.810810089111328
0.4397,1.5405399799346924
0.9534,5.972970008850098
0.913,5.945950031280518
0.8273,4.916669845581055
0.6761,3.2162199020385738
0.5432,2.0810799598693848
0.9472,5.914289951324463
0.8951,5.675680160522461
0.8147,4.694439888000488
0.6387,3.675679922103882
0.3939,1.4594600200653076
0.9327,5.945950031280518
0.9185,5.8648600578308105
0.8119,4.216219902038573
0.6731,3.833329916000366
0.4822,3.4324300289154053
0.959,5.4594597816467285
0.8972,3.914289951324463
0.8187,3.2777800559997563
0.7066,3.166670083999634
0.7106,3.108109951019287
0.9701,5.694439888000487
0.9598,6.054049968719482
0.9278,5.756760120391847
0.8877,5.555560111999512
0.8493,4.470590114593506
0.9519,2.833329916000366
0.9584,2.8285698890686035
0.967,3.108109951019287
0.9756,3.583329916000366
0.9875,3.891890048980713
0.998,5.805560111999513
0.9955,6.054049968719482
0.98,4.888889789581299
0.973,5.027780055999756
0.9106,4.194439888000488
0.9948,5.351349830627441
0.9837,6.621620178222656
0.9665,4.081079959869385
0.9356,6.243239879608153
0.8465,2.9714300632476807
1.0,4.621620178222656
1.0,4.222219944000243
1.0,3.771430015563965
1.0,3.4722199440002437
1.0,3.416670083999634
0.9685,5.944439888000487
0.9409,5.472219944000244
0.8937,5.081079959869385
0.8179,4.527780055999756
0.7127,3.944439888000488
0.9456,5.857140064239503
0.8979,5.833330154418945
0.8149,6.027780055999756
0.6537,5.083330154418945
0.3874,4.333330154418944
0.9492,5.702700138092041
0.9056,5.277780055999756
0.833,4.675680160522461
0.718,4.057139873504639
0.5594,3.0540499687194824
0.9521,5.555560111999512
0.9046,5.189189910888672
0.8424,4.305560111999512
0.792,3.162159919738769
0.558,2.1944398880004883
0.9936,6.285709857940674
0.979,5.611110210418701
0.9569,5.777780055999756
0.9189,4.805560111999512
0.4486,2.405410051345825
0.945,5.702700138092041
0.8883,5.583330154418945
0.7823,5.108109951019287
0.6123,3.0810799598693848
0.4127,0.4594599902629852
0.9172,5.742859840393066
0.851,5.342860221862793
0.7485,5.222219944000244
0.6146,4.194439888000488
0.4646,3.9729700088500977
0.9763,6.055560111999513
0.9557,6.054049968719482
0.9171,5.888889789581299
0.8526,5.297299861907959
0.7501,4.388889789581299
0.9335,4.800000190734863
0.8794,4.432429790496826
0.7916,3.8378400802612314
0.666,3.5277800559997563
0.5235,2.9189200401306152
0.9633,6.285709857940674
0.9309,6.1621599197387695
0.8737,5.194439888000488
0.7777,4.742859840393066
0.6348,4.285709857940674
0.9143,6.117650032043457
0.8472,6.111110210418701
0.6583,5.432429790496826
0.416,4.378379821777344
0.2168,3.416670083999634
0.9438,4.555560111999512
0.9032,4.277780055999757
0.8157,3.729729890823364
0.6748,3.4857099056243896
0.4969,3.108109951019287
0.9388,5.914289951324463
0.9178,5.583330154418945
0.8821,3.764709949493408
0.8679,3.7567598819732666
0.8142,2.857140064239502
0.9813,6.108109951019287
0.9437,5.166669845581055
0.8641,4.54286003112793
0.7676,3.8378400802612314
0.6869,3.0270299911499023
0.9202,6.0
0.885,5.514289855957031
0.827,4.527780055999756
0.7555,3.64864993095398
0.6821,2.4166700839996342
0.9423,6.0
0.9099,5.972219944000244
0.8437,5.432429790496826
0.749,3.5
0.6876,2.714289903640747
0.8877,5.916669845581055
0.8153,4.805560111999512
0.7071,2.9729700088500977
0.6517,1.9189200401306152
0.6332,1.277780055999756
0.9858,5.305560111999512
0.8242,4.432429790496826
0.7976,3.0810799598693848
0.5014,2.675679922103882
0.4567,2.371429920196533
0.8562,4.472219944000244
0.7945,4.0
0.7404,3.388890027999878
0.4674,2.891890048980713
0.6402,3.611109972000122
0.9313,5.75
0.9711,6.081079959869385
0.9428,5.114290237426758
0.9216,5.314290046691895
0.8891,4.216219902038573
0.9585,3.400000095367432
0.9616,3.6216199398040767
0.969,3.833329916000366
0.9782,3.8378400802612314
0.987,4.199999809265137
0.9965,5.945950031280518
0.9925,6.083330154418945
0.9691,5.324319839477539
0.9593,5.138889789581299
0.8673,4.567570209503174
0.9956,5.916669845581055
0.989,5.6857099533081055
0.9797,4.837840080261231
0.9628,4.771430015563965
0.9143,3.916670083999634
1.0,5.972219944000244
1.0,5.594590187072754
1.0,4.828569889068604
1.0,4.918920040130615
1.0,4.54286003112793
0.9353,5.777780055999756
0.8821,5.432429790496826
0.7977,4.833330154418945
0.6768,4.222219944000243
0.5304,3.7567598819732666
0.8685,6.054049968719482
0.7627,6.1714301109313965
0.5918,5.305560111999512
0.3814,4.0
0.1925,2.805560111999512
0.8872,5.972970008850098
0.8084,5.297299861907959
0.6881,4.599999904632568
0.5499,3.2777800559997563
0.493,2.361109972000122
0.925,5.513510227203369
0.8596,5.243239879608153
0.7623,4.485710144042969
0.691,3.805560111999512
0.6046,2.222219944000244
0.9822,6.777780055999756
0.9413,5.540540218353272
0.7304,3.4444398880004883
0.6514,2.162159919738769
0.6382,0.8108100295066833
0.8847,6.081079959869385
0.8055,4.916669845581055
0.7112,3.0
0.6473,2.1111099720001216
0.6292,0.8918899893760681
0.8966,5.7692298889160165
0.8188,5.105259895324707
0.7018,4.684209823608398
0.5585,4.25
0.413,3.9249999523162837
0.9699,6.1842098236083975
0.9436,6.282050132751465
0.8957,5.25
0.8171,5.0
0.7017,4.599999904632568
0.9162,4.650000095367432
0.853,4.076920032501222
0.7488,3.849999904632568
0.6175,3.2820498943328857
0.4733,2.894740104675293
0.9653,6.384620189666747
0.935,5.6578898429870605
0.8906,5.224999904632568
0.8183,4.599999904632568
0.7145,3.5750000476837163
0.8927,6.5
0.8128,5.631579875946045
0.605,5.300000190734863
0.3673,4.307690143585205
0.1885,3.473680019378662
0.9388,4.815790176391602
0.8815,4.538459777832031
0.7866,4.099999904632568
0.6406,3.75
0.4672,3.5
0.9492,4.97435998916626
0.9146,4.099999904632568
0.8798,3.846149921417236
0.876,3.8250000476837163
0.8304,3.615380048751831
0.9891,6.34211015701294
0.9682,5.599999904632568
0.9244,4.473680019378662
0.8649,3.75
0.8016,2.9500000476837163
0.9669,6.6500000953674325
0.9506,6.256410121917725
0.9153,5.474999904632568
0.86,3.7435901165008554
0.7973,2.473680019378662
0.9683,6.236839771270753
0.9501,5.666669845581055
0.9074,5.0512800216674805
0.8368,3.2999999523162837
0.7727,2.48717999458313
0.924,5.368420124053955
0.8676,4.076920032501222
0.8086,2.8461499214172363
0.7547,1.8205100297927856
0.7339,0.699999988079071
0.8877,5.410260200500488
0.8462,4.078949928283691
0.8229,2.8421099185943604
0.738,3.0999999046325684
0.6321,2.400000095367432
0.8883,5.128210067749023
0.7948,3.6410300731658936
0.712,3.9249999523162837
0.5374,2.9249999523162837
0.4288,2.4210500717163086
0.9521,5.076920032501222
0.971,6.0
0.9518,4.849999904632568
0.9355,4.461540222167969
0.922,3.5
0.9576,3.724999904632568
0.9659,4.050000190734863
0.9742,4.025000095367432
0.982,4.282050132751465
0.9878,4.794869899749756
0.9968,6.820509910583496
0.9929,6.5250000953674325
0.9744,5.9749999046325675
0.9622,6.074999809265138
0.8865,5.02564001083374
0.996,6.282050132751465
0.9888,6.75
0.9831,5.199999809265137
0.9616,6.574999809265138
0.9324,3.7948698997497563
1.0,5.7692298889160165
1.0,5.717949867248535
1.0,5.564099788665772
1.0,5.0
1.0,4.6578898429870605
0.9008,5.512819766998291
0.8276,5.02564001083374
0.7209,4.699999809265137
0.5878,4.307690143585205
0.4436,3.6923100948333736
0.8971,5.84211015701294
0.8268,5.461540222167969
0.7171,4.1578898429870605
0.5903,3.179490089416504
0.4728,2.8250000476837163
0.901,5.236839771270752
0.8229,4.4359002113342285
0.7017,3.8974399566650386
0.5556,3.179490089416504
0.4828,2.0999999046325684
0.9037,5.97435998916626
0.8416,5.3589701652526855
0.7544,5.2307701110839835
0.6077,4.3589701652526855
0.5536,3.9210500717163086
0.9896,6.717949867248535
0.9674,5.846149921417236
0.8415,3.900000095367432
0.7803,2.65789008140564
0.7508,1.9750000238418581
0.9108,5.743589878082275
0.8627,4.205130100250243
0.8032,2.8250000476837163
0.7456,1.8157900571823118
0.7287,0.4210500121116638
0.9078,5.761899948120117
0.836,5.476190090179443
0.7235,4.928569793701172
0.5812,4.268290042877196
0.4269,4.0
0.9737,6.2750000953674325
0.9509,6.153850078582764
0.9076,5.682929992675781
0.837,5.309519767761231
0.7234,4.536590099334717
0.9256,4.780489921569824
0.8666,4.214290142059326
0.7692,3.900000095367432
0.6411,3.4249999523162837
0.4868,3.0238099098205566
0.959,6.125
0.9234,6.268290042877197
0.8665,6.1500000953674325
0.7637,5.476190090179443
0.6116,4.809519767761231
0.9054,6.309519767761231
0.8318,5.902440071105957
0.6286,5.324999809265137
0.3779,4.476190090179443
0.1813,3.707319974899292
0.9467,5.023809909820557
0.8983,4.560979843139648
0.8151,4.261899948120116
0.6775,4.195119857788087
0.4925,3.4500000476837163
0.93,4.6904802322387695
0.8951,4.074999809265137
0.871,3.5238099098205566
0.8069,3.142859935760498
0.6977,2.952379941940308
0.9866,6.309519767761231
0.9623,5.926829814910889
0.9129,5.380949974060059
0.8468,4.375
0.7778,3.666670083999634
0.9277,6.380949974060059
0.9006,5.804880142211914
0.8621,5.0487799644470215
0.812,3.7804899215698238
0.759,2.5
0.9495,6.071430206298827
0.9241,5.97560977935791
0.8696,5.071430206298828
0.7793,3.2618999481201167
0.7117,2.1904799938201904
0.8709,5.300000190734863
0.8071,4.0
0.7588,2.902440071105957
0.7162,2.0
0.6945,0.8809499740600586
0.9326,6.050000190734862
0.8224,4.642859935760498
0.7147,3.9285700321197514
0.6395,2.9047598838806152
0.5554,2.6585400104522705
0.8591,4.666669845581055
0.7735,3.846149921417236
0.6243,3.357140064239502
0.6536,3.463409900665283
0.4136,2.3809499740600586
0.915,5.071430206298828
0.9767,6.404759883880615
0.9536,6.0
0.9402,4.404759883880615
0.9111,3.6097600460052486
0.9635,3.3809499740600586
0.9695,3.4047598838806152
0.9745,3.5
0.9812,3.7560999393463135
0.9876,4.0512800216674805
0.9968,6.285709857940674
0.993,6.642859935760497
0.9719,6.095240116119385
0.9639,5.666669845581055
0.8772,5.153850078582764
0.9954,6.0
0.9882,6.666669845581055
0.9796,4.780489921569824
0.9569,7.214290142059326
0.9191,3.9249999523162837
1.0,5.414629936218262
1.0,5.02439022064209
1.0,4.666669845581055
1.0,4.238100051879884
1.0,3.926830053329468
0.9154,5.452380180358887
0.8526,5.357140064239502
0.7571,4.902440071105957
0.6334,4.425000190734863
0.4897,4.166669845581056
0.8406,6.452380180358888
0.7171,5.224999904632568
0.5579,4.1904802322387695
0.4156,3.1190500259399414
0.3013,2.4146299362182617
0.8779,5.1463398933410645
0.7972,4.731709957122803
0.6768,3.8095200061798096
0.5415,3.2195100784301762
0.5271,2.0
0.8998,6.02439022064209
0.8126,5.785709857940674
0.7077,4.428569793701172
0.5465,4.121950149536134
0.5164,2.9047598838806152
0.9747,6.425000190734862
0.8824,5.404759883880615
0.7884,3.8780500888824463
0.7509,2.9512200355529785
0.7037,1.4761899709701538
0.8622,5.547619819641113
0.8026,3.7618999481201167
0.7464,2.5853700637817383
0.7141,1.9047600030899048
0.6941,0.5853700041770935
0.9668,5.525000095367432
0.9384,5.5
0.8921,4.846149921417236
0.8236,4.0512800216674805
0.73,3.5609800815582275
0.9907,5.829269886016847
0.9825,5.682929992675781
0.9667,5.324999809265137
0.9392,5.097559928894043
0.892,4.2564101219177255
0.9732,5.097559928894043
0.9501,4.487800121307373
0.9115,3.6749999523162837
0.8502,3.073169946670532
0.7629,2.375
0.9862,5.63415002822876
0.9741,5.75
0.9497,5.574999809265137
0.9069,4.926829814910889
0.8343,4.400000095367432
0.9656,5.625
0.9371,5.39024019241333
0.8471,4.699999809265137
0.6938,3.8157899379730233
0.4898,2.9230799674987797
0.9738,4.375
0.9443,3.9230799674987793
0.8935,3.5
0.8145,3.3170700073242188
0.702,2.51282000541687
0.9738,5.275000095367432
0.9533,5.268290042877197
0.9175,4.538459777832031
0.8541,4.0512800216674805
0.7909,3.1463398933410645
0.9806,5.400000095367432
0.9375,4.666669845581055
0.8264,3.6585400104522714
0.64,2.780489921569824
0.432,1.25
0.9745,5.824999809265138
0.9554,5.824999809265138
0.8944,5.324999809265137
0.7346,3.5
0.5007,1.3658499717712402
0.9693,5.731709957122803
0.942,5.153850078582764
0.875,4.707320213317871
0.7449,3.4390199184417725
0.608,1.8780499696731567
0.9718,5.756100177764893
0.94,5.400000095367432
0.8892,4.5
0.7992,3.666670083999634
0.6132,2.25
0.9761,5.682929992675781
0.9664,5.7750000953674325
0.9153,5.349999904632568
0.8808,3.7999999523162837
0.5972,2.7249999046325684
0.9492,5.463409900665283
0.9794,4.902440071105957
0.846,3.4749999046325684
0.7676,2.9756100177764893
0.5868,1.9736800193786619
0.9798,5.926829814910889
0.9686,5.536590099334717
0.9296,5.60975980758667
0.8972,5.224999904632568
0.8506,4.317070007324219
0.9475,3.0499999523162837
0.9575,3.0999999046325684
0.9673,3.3170700073242188
0.9783,3.900000095367432
0.9883,3.846149921417236
0.9963,6.1500000953674325
0.9919,5.949999809265138
0.958,5.585370063781738
0.9498,5.097559928894043
0.8366,4.25
0.9937,5.300000190734863
0.9801,6.829269886016847
0.9613,4.025000095367432
0.9292,6.5609798431396475
0.8286,2.799999952316284
1.0,4.775000095367432
1.0,4.205130100250243
1.0,3.7435901165008554
1.0,3.5384600162506104
1.0,3.150000095367432
0.9733,5.175000190734863
0.9522,4.804880142211914
0.9164,4.224999904632568
0.8614,3.650000095367432
0.784,3.36584997177124
0.9592,5.682929992675781
0.9279,5.560979843139648
0.874,5.02439022064209
0.7752,4.474999904632568
0.607,3.2820498943328857
0.9572,5.599999904632568
0.9211,4.925000190734863
0.8624,4.36584997177124
0.7725,3.3499999046325684
0.6254,2.4749999046325684
0.9674,5.275000095367432
0.937,5.25
0.8913,4.7561001777648935
0.8005,4.099999904632568
0.6964,3.1707301139831543
0.9968,5.731709957122803
0.9908,5.574999809265137
0.9825,5.63415002822876
0.9709,5.756100177764893
0.9467,5.439020156860352
0.9669,5.525000095367432
0.935,5.60975980758667
0.8721,5.199999809265137
0.7644,3.9512200355529785
0.6001,2.609760046005249
0.9576,5.756760120391847
0.9225,5.166669845581055
0.8644,5.027029991149902
0.7813,4.314290046691895
0.6703,3.611109972000122
0.9873,6.1621599197387695
0.9761,5.783780097961426
0.9552,5.4594597816467285
0.9189,4.833330154418945
0.8598,4.388889789581299
0.9656,4.583330154418945
0.9369,4.057139873504639
0.8875,3.4722199440002437
0.8166,2.9459500312805176
0.7163,2.5
0.9839,5.833330154418945
0.9698,5.861110210418701
0.9421,5.694439888000487
0.8899,5.081079959869385
0.8176,4.583330154418945
0.9557,5.918920040130615
0.9198,5.714290142059326
0.8095,4.972970008850098
0.6265,4.0285701751708975
0.3998,2.9459500312805176
0.9648,4.611110210418701
0.9258,4.388889789581299
0.8635,3.7777800559997563
0.7708,3.5277800559997563
0.6448,3.0540499687194824
0.9712,5.324319839477539
0.9502,5.114290237426758
0.9208,4.405409812927246
0.8735,3.142859935760498
0.8208,2.685709953308105
0.973,5.189189910888672
0.9108,4.583330154418945
0.7692,3.4857099056243896
0.5912,2.702699899673462
0.4492,2.0540499687194824
0.9617,6.054049968719482
0.9315,5.8648600578308105
0.8479,4.8648600578308105
0.6923,3.0
0.4934,1.657140016555786
0.9618,5.837840080261231
0.9294,5.628570079803467
0.8546,5.428569793701172
0.7157,3.162159919738769
0.5811,1.777780055999756
0.9514,5.540540218353272
0.9033,5.194439888000488
0.8212,4.5
0.6589,3.0810799598693848
0.4342,0.7567600011825562
0.9451,5.861110210418701
0.9016,4.75
0.8525,4.351349830627441
0.7642,3.628570079803467
0.568,3.8378400802612314
0.9224,4.675680160522461
0.9165,4.828569889068604
0.8164,4.1714301109313965
0.6509,3.1944398880004883
0.5405,2.702699899673462
0.9741,6.0
0.9642,6.0
0.9237,4.771430015563965
0.8905,4.333330154418944
0.8525,4.305560111999512
0.9508,3.6216199398040767
0.9589,3.324320077896118
0.9682,3.75
0.9775,4.405409812927246
0.9873,4.833330154418945
0.9982,5.567570209503174
0.9955,6.25
0.984,5.083330154418945
0.9743,5.837840080261231
0.9283,4.138889789581299
0.9944,5.555560111999512
0.9818,6.081079959869385
0.9672,4.055560111999512
0.933,5.837840080261231
0.8547,3.3783800601959233
1.0,5.199999809265137
1.0,4.361110210418701
1.0,3.888890027999878
1.0,3.729729890823364
1.0,3.7837800979614262
0.9419,5.333330154418945
0.9027,5.270269870758057
0.8469,4.9459500312805185
0.7706,4.194439888000488
0.6713,3.594589948654175
0.9428,5.611110210418701
0.8998,5.277780055999756
0.8209,5.594590187072754
0.6849,4.9459500312805185
0.4357,3.9729700088500977
0.9495,5.702700138092041
0.9097,5.111110210418701
0.8448,4.714290142059326
0.7442,3.638890027999878
0.5874,2.805560111999512
0.9426,5.638889789581299
0.8948,5.277780055999756
0.8012,4.1621599197387695
0.7447,3.5675699710845947
0.6331,2.9729700088500977
0.995,5.914289951324463
0.9842,5.805560111999513
0.9667,5.675680160522461
0.9422,5.324319839477539
0.4788,2.342859983444214
0.9501,5.837840080261231
0.9029,5.800000190734862
0.812,4.810810089111328
0.6532,3.2162199020385738
0.4308,0.8888900279998779
0.9331,5.6818199157714835
0.8806,5.090909957885742
0.7978,4.800000190734863
0.6907,4.454549789428711
0.5634,3.9761900901794434
0.9809,6.0444397926330575
0.9642,5.863639831542969
0.9326,5.5581398010253915
0.8803,5.232560157775879
0.798,4.755559921264648
0.9465,4.933330059051514
0.903,4.2272701263427725
0.8325,3.7333300113677983
0.7333,3.311110019683838
0.6103,2.7333300113677983
0.9757,5.86667013168335
0.9534,6.0
0.9151,5.422220230102539
0.8469,4.9512200355529785
0.7502,4.2093000411987305
0.9308,6.0444397926330575
0.8771,5.800000190734862
0.7257,5.159090042114258
0.5179,4.279069900512694
0.3096,3.318180084228516
0.9591,4.833330154418945
0.9218,4.613639831542969
0.8601,4.159090042114259
0.7573,3.75
0.6156,3.318180084228516
0.9614,5.581399917602539
0.9413,5.1904802322387695
0.8855,4.3181800842285165
0.834,3.6222200393676762
0.7959,2.837209939956665
0.9912,5.863639831542969
0.9737,5.533329963684082
0.9281,4.581399917602539
0.8269,3.42221999168396
0.6222,2.6363599300384517
0.9757,6.422220230102539
0.9625,6.022220134735107
0.9299,5.227270126342773
0.859,3.976739883422852
0.7334,2.466670036315918
0.9756,6.13332986831665
0.96,5.886360168457031
0.9219,5.045450210571289
0.8322,3.70455002784729
0.7427,2.2272698879241943
0.9491,5.488369941711426
0.9069,4.511109828948975
0.8359,3.4318199157714844
0.7274,2.42221999168396
0.5922,0.977270007133484
0.9873,5.340909957885742
0.9073,4.727270126342773
0.8151,3.533329963684082
0.7208,2.8636400699615483
0.5717,2.5111100673675537
0.9356,4.581399917602539
0.8392,4.0681800842285165
0.7449,3.372090101242065
0.6546,2.7272698879241943
0.4715,2.5111100673675537
0.9727,5.795450210571289
0.975,6.159090042114258
0.9459,5.704549789428711
0.9246,5.222219944000244
0.9071,4.204549789428712
0.9543,3.6363599300384517
0.9601,3.2888898849487305
0.9683,3.04544997215271
0.977,3.3409099578857417
0.9882,3.6511600017547607
0.9975,6.204549789428711
0.9945,6.3488402366638175
0.9775,5.933330059051514
0.9698,5.355559825897217
0.9006,4.8181800842285165
0.9951,5.545450210571289
0.9869,6.4000000953674325
0.9738,4.404759883880615
0.9516,6.7272701263427725
0.8848,3.3409099578857417
1.0,5.386360168457031
1.0,4.954549789428711
1.0,4.377779960632323
1.0,3.8636400699615483
1.0,3.6363599300384517
0.9237,5.86667013168335
0.8693,5.444439888000488
0.7889,4.800000190734863
0.6885,4.113639831542969
0.575,3.70455002784729
0.9313,5.75
0.8857,5.422220230102539
0.8085,4.418600082397461
0.6936,3.6222200393676762
0.518,2.930229902267456
0.9303,5.666669845581055
0.8801,4.954549789428711
0.7899,4.111110210418701
0.6722,3.3863599300384517
0.5082,2.325579881668091
0.9313,5.933330059051514
0.8721,5.232560157775879
0.7674,4.651159763336182
0.6793,4.142859935760498
0.6116,2.6590900421142583
0.9935,6.022220134735107
0.9792,5.733329772949219
0.9014,5.044439792633057
0.8755,4.2093000411987305
0.72,2.644439935684204
0.9416,5.720930099487305
0.8999,4.933330059051514
0.8322,3.8636400699615483
0.7335,2.25
0.6019,0.4761900007724762
0.9656,5.548389911651611
0.9371,4.709680080413818
0.8891,4.838709831237793
0.8193,4.099999904632568
0.7261,3.5483899116516118
0.9903,5.59375
0.9817,5.548389911651611
0.9654,5.40625
0.9362,5.225810050964356
0.888,4.64516019821167
0.9726,4.64516019821167
0.9499,4.290319919586182
0.9093,3.466670036315918
0.848,2.96875
0.7637,2.34375
0.9895,6.0645198822021475
0.9807,5.838709831237793
0.9626,5.625
0.9293,5.4375
0.8716,4.967740058898926
0.9646,5.333330154418945
0.9353,5.451610088348389
0.8433,4.71875
0.6901,3.9677400588989262
0.4936,3.125
0.9728,4.3871002197265625
0.9467,4.09375
0.89,3.9333300590515137
0.8047,3.6129000186920166
0.6873,3.0645198822021484
0.9698,5.5
0.9476,4.64516019821167
0.9197,4.166669845581056
0.8787,3.4516100883483887
0.8001,2.3870999813079834
0.9739,5.21875
0.9137,4.59375
0.7718,3.903229951858521
0.5823,2.8709700107574463
0.415,1.9677400588989256
0.9579,5.7096800804138175
0.9348,5.875
0.8842,5.03125
0.7829,3.5
0.5653,1.75
0.9601,5.967740058898926
0.9316,5.59375
0.8661,4.6875
0.7426,3.21875
0.6227,1.34375
0.954,6.0
0.9162,5.25
0.8449,4.566669940948486
0.7708,4.193550109863281
0.6024,2.2666699886322017
0.989,6.193550109863281
0.9787,5.741940021514893
0.945,5.5
0.9074,4.8125
0.8904,4.25
0.9546,5.78125
0.9083,3.2666699886322017
0.9094,4.3871002197265625
0.7344,2.7333300113677983
0.6782,2.125
0.9827,5.65625
0.9679,5.4375
0.9334,4.870969772338867
0.8995,4.75
0.8618,4.0
0.9461,3.774189949035645
0.9568,2.935480117797852
0.9676,3.28125
0.9786,3.6875
0.9898,3.516129970550537
0.9979,6.0625
0.9944,5.75
0.9779,5.870969772338867
0.9601,4.9032301902771
0.9025,4.566669940948486
0.9937,5.40625
0.9789,5.5806498527526855
0.9618,4.1875
0.9167,5.064519882202148
0.8318,3.2580599784851074
1.0,4.25
1.0,3.7419400215148926
1.0,2.9375
1.0,2.84375
0.9997,2.8709700107574463
0.9614,5.3871002197265625
0.9345,4.935480117797852
0.8955,4.6875
0.8398,4.032259941101073
0.7642,3.59375
0.9426,5.870969772338867
0.9002,5.967740058898926
0.8312,5.266670227050781
0.7188,4.625
0.5572,3.8125
0.9503,5.6875
0.9125,4.935480117797852
0.8575,4.290319919586182
0.7745,3.806449890136719
0.6514,2.677419900894165
0.9611,5.6128997802734375
0.9173,5.451610088348389
0.8594,4.161290168762207
0.7927,3.0625
0.7422,2.375
0.9974,6.032259941101074
0.9924,6.161290168762207
0.9846,5.677420139312744
0.976,5.5
0.9602,5.4375
0.9563,5.9354801177978525
0.9198,5.78125
0.8606,5.290319919586182
0.7672,3.9677400588989262
0.6164,2.625
0.9159,5.363639831542969
0.8505,5.0
0.7507,4.545450210571289
0.6276,4.032259941101073
0.4913,3.6363599300384517
0.9757,5.8787899017333975
0.9547,6.0303001403808585
0.9149,5.5625
0.8489,4.875
0.7502,4.545450210571289
0.932,4.606060028076172
0.8781,4.09375
0.7934,3.6969699859619136
0.6782,3.25
0.5453,2.8787899017333984
0.979,5.741940021514893
0.9617,5.59375
0.9299,5.3871002197265625
0.8764,4.677420139312744
0.7968,4.2727298736572275
0.9126,5.9354801177978525
0.8464,5.5
0.6674,4.96875
0.4471,4.090909957885741
0.2598,3.59375
0.9505,5.21875
0.9015,4.3125
0.8245,4.161290168762207
0.6981,3.8125
0.5452,3.34375
0.9467,4.878789901733398
0.9221,4.75
0.9022,4.129030227661134
0.8421,3.666670083999634
0.7955,2.7096800804138184
0.9859,5.875
0.9587,5.242420196533203
0.8984,4.34375
0.8052,3.4848499298095703
0.693,2.375
0.9553,6.545450210571289
0.9393,6.090909957885742
0.9041,5.151519775390625
0.8379,3.90625
0.7402,2.5151500701904297
0.9585,6.0
0.9392,5.65625
0.8965,4.90625
0.8135,3.193550109863281
0.739,2.34375
0.9267,5.90625
0.8927,5.15625
0.8218,3.96875
0.7219,2.40625
0.6546,0.878790020942688
0.9726,6.060609817504883
0.9428,5.90625
0.8588,4.90625
0.6893,2.96875
0.6003,2.84375
0.8863,4.51515007019043
0.7908,3.774189949035645
0.7116,3.333329916000366
0.6417,2.818180084228516
0.4343,2.8787899017333984
0.9608,5.84375
0.9729,5.48484992980957
0.941,6.28125
0.9177,4.4375
0.9003,3.3125
0.9515,2.9090900421142583
0.9601,3.060610055923462
0.9687,3.25
0.9782,3.59375
0.9875,5.848480224609375
0.9977,6.060609817504883
0.9951,6.303030014038086
0.9835,5.75
0.9768,5.9032301902771
0.9297,4.666669845581055
0.9951,5.8125
0.9857,6.787879943847656
0.9761,4.78125
0.9432,6.363639831542969
0.9024,3.606060028076172
1.0,4.8181800842285165
1.0,4.303030014038087
1.0,4.0645198822021475
1.0,3.3125
1.0,3.15625
0.9102,5.5
0.846,4.677420139312744
0.7567,4.516129970550537
0.6457,4.0625
0.525,3.4848499298095703
0.8819,5.8125
0.8204,5.666669845581055
0.7322,4.5
0.6113,3.9090900421142583
0.4539,2.9090900421142583
0.9098,5.272729873657227
0.8478,4.8125
0.7497,4.25
0.6203,3.5
0.4857,2.1612899303436284
0.9112,5.71875
0.8498,5.787879943847656
0.745,5.5
0.6596,4.09375
0.5728,2.71875
0.9941,6.25
0.9821,6.28125
0.9642,6.0303001403808585
0.8728,4.8125
0.7392,2.875
0.921,5.75
0.8742,5.09375
0.8063,3.75
0.7263,2.0302999019622803
0.639,0.2424200028181076
0.9216,5.717949867248535
0.8591,5.432429790496826
0.7621,4.743589878082275
0.6361,4.538459777832031
0.4967,3.8157899379730233
0.9773,6.054049968719482
0.9575,5.837840080261231
0.9204,5.7692298889160165
0.8572,5.526319980621338
0.7626,4.729730129241943
0.9366,5.0540499687194815
0.8858,4.361110210418701
0.8021,4.02564001083374
0.6874,3.3076899051666264
0.5517,2.9230799674987797
0.9733,6.076920032501222
0.9548,5.111110210418701
0.9179,5.1578898429870605
0.8537,4.7692298889160165
0.7553,4.2307701110839835
0.9185,6.0512800216674805
0.8553,5.794869899749756
0.6788,5.179490089416504
0.448,4.394740104675293
0.2447,3.3421099185943604
0.9565,5.1578898429870605
0.9185,4.648650169372559
0.8445,4.578949928283691
0.7303,3.84210991859436
0.5664,3.405410051345825
0.9441,5.540540218353272
0.9195,5.02564001083374
0.8708,4.461540222167969
0.8059,4.0
0.7628,3.052629947662353
0.9858,5.973680019378662
0.9579,5.307690143585205
0.8932,4.351349830627441
0.7919,3.5
0.6792,2.789469957351685
0.9522,5.97435998916626
0.9316,5.692309856414795
0.8824,5.179490089416504
0.793,3.8157899379730233
0.686,2.2820498943328857
0.9584,5.868420124053955
0.9363,5.8157901763916025
0.8853,5.205130100250244
0.7844,3.6410300731658936
0.6924,2.4358999729156494
0.9178,5.153850078582764
0.8707,4.461540222167969
0.7765,3.615380048751831
0.6756,2.184210062026977
0.6192,1.236840009689331
0.9746,4.7692298889160165
0.9204,5.84211015701294
0.8344,4.923079967498778
0.7645,4.0526299476623535
0.5533,2.684210062026977
0.9388,5.789470195770264
0.8037,3.9210500717163086
0.6793,3.4210500717163086
0.6312,2.684210062026977
0.5528,2.8974399566650386
0.9586,5.820509910583496
0.9691,6.153850078582764
0.9402,5.5526299476623535
0.9135,4.270269870758057
0.8889,3.84210991859436
0.9536,3.0789499282836914
0.9621,3.2307701110839844
0.9704,3.615380048751831
0.9785,3.3684198856353764
0.987,4.179490089416504
0.9976,6.1282100677490225
0.9946,6.102560043334961
0.9814,6.02564001083374
0.9727,5.578949928283691
0.9284,5.128210067749023
0.9946,5.710529804229736
0.9819,6.589739799499513
0.9742,4.567570209503174
0.9394,6.564099788665772
0.897,3.6923100948333736
1.0,4.512819766998291
1.0,4.076920032501222
1.0,3.820509910583496
1.0,3.6315801143646236
0.9998,3.3157899379730225
0.9122,5.578949928283691
0.8479,5.421050071716309
0.7535,4.675680160522461
0.6375,4.216219902038573
0.511,3.871789932250977
0.8802,5.846149921417236
0.81,5.384620189666748
0.6974,4.4359002113342285
0.542,3.5789499282836914
0.325,2.8648600578308105
0.9065,5.5
0.8414,5.179490089416504
0.7435,4.2564101219177255
0.5986,3.769229888916016
0.4276,2.51282000541687
0.9175,5.973680019378662
0.8531,4.871789932250977
0.7296,4.486489772796631
0.5917,4.027780055999757
0.4588,3.256409883499145
0.9916,6.153850078582764
0.9733,5.94871997833252
0.8608,4.5526299476623535
0.7088,2.605259895324707
0.6318,1.4473700523376465
0.9195,5.461540222167969
0.8613,4.789470195770264
0.7702,3.51282000541687
0.6602,1.8648600578308103
0.6049,0.3684200048446655
0.9427,5.540540218353272
0.8971,5.1621599197387695
0.8247,5.351349830627441
0.7264,4.285709857940674
0.6059,3.861109972000122
0.9837,5.555560111999512
0.9696,5.885709762573242
0.9432,5.444439888000488
0.8983,5.194439888000488
0.8268,4.75
0.9541,5.0
0.9163,4.432429790496826
0.8552,3.828569889068604
0.7665,3.270270109176636
0.6538,2.916670083999634
0.9787,5.470590114593506
0.9629,5.621620178222656
0.93,5.285709857940674
0.8733,5.194439888000488
0.7834,4.675680160522461
0.9406,6.027029991149902
0.8941,5.805560111999513
0.7596,5.297299861907959
0.5599,4.194439888000488
0.3445,3.055560111999512
0.9591,4.694439888000488
0.9175,4.388889789581299
0.8465,3.9729700088500977
0.7432,3.5405399799346924
0.6014,3.02856993675232
0.9623,5.567570209503174
0.9188,4.800000190734863
0.8947,4.527780055999756
0.8398,3.9411799907684326
0.7677,2.7567598819732666
0.9782,4.942860126495361
0.9307,4.571430206298828
0.8231,3.7567598819732666
0.678,2.857140064239502
0.5453,2.3333299160003658
0.9497,5.810810089111327
0.9173,5.8648600578308105
0.8446,4.666669845581055
0.7201,3.333329916000366
0.5593,1.972219944000244
0.9562,5.810810089111327
0.9237,5.648650169372559
0.8529,5.027780055999756
0.7268,3.48649001121521
0.6088,2.270270109176636
0.9389,5.861110210418701
0.8864,5.428569793701172
0.8179,4.472219944000244
0.6517,2.914289951324463
0.5051,0.9722200036048888
0.9718,5.611110210418701
0.9869,5.972219944000244
0.8155,4.621620178222656
0.7438,3.7777800559997563
0.4916,2.027780055999756
0.9338,4.083330154418944
0.8607,4.540540218353272
0.8192,3.25
0.6585,2.75
0.5031,2.277780055999756
0.9739,5.833330154418945
0.9625,5.45713996887207
0.9294,5.297299861907959
0.8949,5.166669845581055
0.8688,4.388889789581299
0.9494,3.189189910888672
0.9587,3.388890027999878
0.9684,3.5
0.9787,3.675679922103882
0.99,3.5
0.995,6.108109951019287
0.9905,5.918920040130615
0.9518,5.694439888000487
0.946,4.9459500312805185
0.8518,4.567570209503174
0.9934,5.594590187072754
0.9764,6.75
0.9632,4.342860221862793
0.9225,6.837840080261231
0.851,3.2162199020385738
1.0,4.555560111999512
1.0,4.270269870758057
1.0,3.583329916000366
1.0,3.4411799907684326
1.0,3.51350998878479
0.9581,5.648650169372559
0.9245,5.111110210418701
0.8702,4.648650169372559
0.7905,3.9714300632476807
0.6894,3.6216199398040767
0.9245,6.0285701751708975
0.8695,5.594590187072754
0.7799,5.351349830627441
0.6231,4.888889789581299
0.3686,3.638890027999878
0.9299,5.702700138092041
0.8782,5.416669845581055
0.797,4.405409812927246
0.688,3.861109972000122
0.5211,2.6486499309539795
0.949,5.567570209503174
0.9065,5.405409812927246
0.8252,4.891890048980713
0.7361,3.64864993095398
0.6133,2.527780055999756
0.9942,5.8648600578308105
0.9827,5.837840080261231
0.9656,5.945950031280518
0.9319,5.270269870758057
0.6412,2.7567598819732666
0.9356,5.918920040130615
0.8792,5.472219944000244
0.7868,4.628570079803467
0.6492,2.8857100009918213
0.5014,0.583329975605011
0.9208,5.945950031280518
0.8568,4.972219944000244
0.7569,4.789470195770264
0.6231,4.138889789581299
0.479,3.763159990310669
0.977,6.081079959869385
0.9569,5.972970008850098
0.9189,5.526319980621338
0.8546,5.0526299476623535
0.7549,4.540540218353272
0.9365,4.567570209503174
0.8833,4.1621599197387695
0.7979,3.7567598819732666
0.6774,3.105259895324707
0.5377,2.7105300426483154
0.9641,5.918920040130615
0.9365,5.526319980621338
0.8857,5.210529804229736
0.8038,4.702700138092041
0.6892,3.7837800979614262
0.9177,5.648650169372559
0.8529,5.810810089111327
0.6693,5.210529804229736
0.4289,4.351349830627441
0.2285,3.65789008140564
0.9476,5.081079959869385
0.897,4.815790176391602
0.8059,4.4594597816467285
0.666,4.081079959869385
0.4856,3.75
0.9314,4.694439888000488
0.9073,4.394740104675293
0.843,4.1842098236083975
0.8305,3.189189910888672
0.7715,3.0277800559997563
0.9827,6.1842098236083975
0.9469,5.473680019378662
0.8694,4.526319980621338
0.7729,3.605259895324707
0.6851,2.777780055999756
0.9314,6.3157901763916025
0.8997,5.527780055999756
0.8408,4.736839771270752
0.7607,3.4324300289154053
0.6935,2.2571399211883545
0.952,6.081079959869385
0.9236,5.894740104675293
0.8571,5.105259895324707
0.7463,3.105259895324707
0.6763,2.236840009689331
0.8874,5.405409812927246
0.8126,4.675680160522461
0.7094,2.777780055999756
0.6569,1.9473700523376465
0.6294,0.8157899975776672
0.9783,5.5
0.9824,5.0526299476623535
0.6989,3.64864993095398
0.6479,3.0789499282836914
0.6412,3.0810799598693848
0.8943,5.378379821777344
0.8175,4.567570209503174
0.6438,3.236840009689331
0.5555,2.833329916000366
0.8037,4.0
0.926,5.5526299476623535
0.9758,6.1578898429870605
0.9478,4.540540218353272
0.9227,4.473680019378662
0.8879,3.5675699710845947
0.949,3.5
0.9585,3.5142900943756104
0.9689,3.65789008140564
0.9783,4.078949928283691
0.9892,4.54286003112793
0.9981,6.526319980621338
0.9955,6.297299861907959
0.9884,6.0526299476623535
0.9777,6.111110210418701
0.9495,5.675680160522461
0.995,6.263160228729247
0.9854,6.8157901763916025
0.976,4.810810089111328
0.9417,6.263160228729247
0.9027,4.026319980621338
1.0,5.648650169372559
1.0,5.351349830627441
1.0,5.0
1.0,4.486489772796631
1.0,4.297299861907959
0.9137,5.7297301292419425
0.8487,5.513510227203369
0.7526,5.297299861907959
0.6242,4.710529804229736
0.4862,4.026319980621338
0.8731,5.583330154418945
0.7755,5.277780055999756
0.6175,4.432429790496826
0.385,3.605259895324707
0.1977,2.805560111999512
0.8934,5.1578898429870605
0.8179,4.9459500312805185
0.7047,4.026319980621338
0.5657,3.0277800559997563
0.5053,2.0
0.9174,5.25
0.8449,5.131579875946045
0.7552,4.567570209503174
0.6388,3.5
0.551,2.6216199398040767
0.9919,6.054049968719482
0.9763,6.1842098236083975
0.8575,4.894740104675293
0.7497,3.189189910888672
0.6634,2.2105300426483154
0.8879,5.8648600578308105
0.8127,4.378379821777344
0.7183,3.0789499282836914
0.6535,1.9736800193786619
0.6246,0.4054099917411804
0.9749,5.5348801612854
0.9526,5.425000190734863
0.9117,5.069769859313965
0.8444,4.7906999588012695
0.7467,4.023809909820557
0.9931,5.309519767761231
0.9868,5.536590099334717
0.9746,5.627910137176514
0.9523,5.404759883880615
0.911,4.666669845581055
0.98,5.142859935760498
0.962,5.071430206298828
0.9278,4.166669845581056
0.8723,3.666670083999634
0.7854,2.7618999481201167
0.9879,5.731709957122803
0.9794,5.474999904632568
0.9594,5.5581398010253915
0.9236,5.439020156860352
0.8543,4.928569793701172
0.9741,5.357140064239502
0.951,5.047619819641113
0.8688,5.511630058288574
0.7061,4.166669845581056
0.4796,3.0952401161193848
0.9791,4.550000190734863
0.9577,4.255809783935547
0.9201,3.666670083999634
0.8543,3.4418599605560303
0.7519,3.0952401161193848
0.9759,5.7249999046325675
0.949,5.317070007324219
0.9028,4.642859935760498
0.85,3.4146299362182617
0.7529,2.8292698860168457
0.9602,4.809519767761231
0.8741,3.952379941940308
0.6929,3.1219499111175537
0.4794,2.581399917602539
0.3187,1.7381000518798828
0.9496,5.073170185089111
0.8898,4.767439842224121
0.7469,3.1860499382019043
0.5457,2.1666700839996342
0.3368,0.4878000020980835
0.9451,5.488369941711426
0.894,5.4651198387146
0.7902,4.474999904632568
0.6138,3.2558100223541264
0.4646,1.1627899408340454
0.9621,5.32558012008667
0.9262,5.32558012008667
0.8495,4.6904802322387695
0.7484,4.348840236663818
0.484,2.3809499740600586
0.9886,5.232560157775879
0.9555,5.4418601989746085
0.9355,5.11628007888794
0.8613,5.261899948120117
0.7442,5.047619819641113
0.9636,5.418600082397461
0.9381,4.928569793701172
0.8348,4.7906999588012695
0.7089,3.63415002822876
0.6313,2.4047598838806152
0.9804,5.642859935760497
0.959,5.404759883880615
0.9213,5.738100051879883
0.8924,5.023260116577148
0.851,3.9761900901794434
0.9485,2.7317099571228027
0.9574,2.8780500888824463
0.9679,3.0476200580596924
0.9778,3.5714299678802486
0.9882,3.707319974899292
0.9979,5.604650020599365
0.9947,5.279069900512695
0.9767,5.439020156860352
0.9648,4.292679786682129
0.8919,4.4418601989746085
0.9941,4.488369941711426
0.9824,6.627910137176514
0.9628,3.7209300994873047
0.9329,6.488369941711426
0.8286,2.5853700637817383
1.0,3.9512200355529785
1.0,3.7441899776458736
1.0,3.142859935760498
1.0,2.8461499214172363
1.0,2.7317099571228027
0.9773,5.2438998222351065
0.9584,5.261899948120117
0.9244,5.32558012008667
0.8669,4.512199878692627
0.7796,4.162789821624757
0.9553,5.67441987991333
0.9146,5.095240116119385
0.8404,5.523809909820557
0.7196,5.285709857940674
0.5218,5.232560157775879
0.9591,5.6511597633361825
0.9193,5.547619819641113
0.8569,5.095240116119385
0.751,4.720930099487305
0.5886,3.476190090179444
0.9667,5.428569793701172
0.9312,4.780489921569824
0.8739,3.976739883422852
0.8076,2.930229902267456
0.6149,2.418600082397461
0.9958,5.6511597633361825
0.9874,5.395349979400635
0.974,5.449999809265137
0.9581,5.046510219573975
0.9219,5.2093000411987305
0.9606,5.4418601989746085
0.922,5.1904802322387695
0.8423,4.395349979400635
0.7141,3.8604700565338135
0.4953,2.8809499740600586
0.9547,5.891890048980713
0.9157,5.694439888000487
0.8498,4.777780055999756
0.7548,4.314290046691895
0.6356,3.75
0.9873,5.972970008850098
0.9759,5.916669845581055
0.9538,5.771430015563965
0.9149,5.138889789581299
0.8511,4.527780055999756
0.9635,5.194439888000488
0.9313,4.432429790496826
0.8765,3.7777800559997563
0.7922,3.083329916000366
0.6821,2.594589948654175
0.9798,6.0285701751708975
0.9634,5.638889789581299
0.9306,5.5
0.8729,4.657139778137207
0.7805,4.027780055999757
0.9524,6.054049968719482
0.9128,5.594590187072754
0.7881,4.972219944000244
0.5884,4.1621599197387695
0.3651,3.0270299911499023
0.9687,5.083330154418945
0.9337,4.333330154418944
0.8788,4.027780055999757
0.7879,3.7777800559997563
0.6474,3.166670083999634
0.9613,5.722219944000244
0.9297,5.444439888000488
0.8814,4.277780055999757
0.8181,3.611109972000122
0.722,2.9189200401306152
0.9785,5.432429790496826
0.9328,4.555560111999512
0.8269,3.48649001121521
0.6694,2.8378400802612305
0.5106,1.5945899486541748
0.9459,6.054049968719482
0.9063,5.891890048980713
0.8229,4.5
0.6918,2.891890048980713
0.5383,1.75
0.9518,5.777780055999756
0.9179,5.166669845581055
0.844,4.25
0.7048,3.055560111999512
0.5778,1.8611099720001218
0.9469,5.972970008850098
0.8964,5.472219944000244
0.8302,4.243239879608153
0.6855,3.083329916000366
0.5227,1.2857099771499634
0.976,5.810810089111327
0.984,5.647059917449951
0.9872,4.057139873504639
0.7742,4.1351399421691895
0.6586,3.189189910888672
0.9212,5.027029991149902
0.8812,4.527780055999756
0.7875,3.6216199398040767
0.6763,3.083329916000366
0.5409,1.916669964790344
0.9722,6.054049968719482
0.9645,5.702700138092041
0.9201,4.694439888000488
0.8925,4.166669845581056
0.8453,3.371429920196533
0.9496,2.9459500312805176
0.9589,3.3513500690460205
0.9686,3.5294098854064937
0.9783,3.6216199398040767
0.9897,3.9729700088500977
0.9976,5.771430015563965
0.9946,5.972970008850098
0.9753,5.305560111999512
0.968,5.1714301109313965
0.8912,4.0285701751708975
0.9943,5.405409812927246
0.9831,6.432429790496826
0.9667,4.138889789581299
0.9337,5.918920040130615
0.8531,3.2432401180267334
1.0,5.371429920196533
1.0,5.138889789581299
1.0,4.666669845581055
1.0,4.147059917449951
1.0,3.75
0.9467,5.371429920196533
0.9072,5.111110210418701
0.8465,4.972219944000244
0.7637,3.914289951324463
0.6556,3.228569984436035
0.93,5.722219944000244
0.8754,5.594590187072754
0.7829,5.416669845581055
0.6269,4.194439888000488
0.3722,3.270270109176636
0.937,5.297299861907959
0.887,5.166669845581055
0.8056,4.540540218353272
0.6845,3.75
0.5256,2.6486499309539795
0.9581,5.405409812927246
0.925,5.371429920196533
0.8625,5.055560111999512
0.7564,3.9714300632476807
0.6037,3.2777800559997563
0.9945,6.027780055999756
0.9818,6.027029991149902
0.9608,5.611110210418701
0.9386,5.0
0.7194,2.777780055999756
0.9404,6.1351399421691895
0.8889,5.583330154418945
0.8014,4.444439888000488
0.6759,3.189189910888672
0.5002,0.9189199805259703
0.9136,5.8222198486328125
0.8461,5.0681800842285165
0.7432,4.955560207366943
0.6126,4.279069900512694
0.4704,3.9111099243164062
0.9741,6.090909957885742
0.9518,5.8181800842285165
0.9108,5.636360168457031
0.843,4.886360168457031
0.74,4.636360168457031
0.93,4.32558012008667
0.8752,3.813950061798096
0.7854,3.6136400699615483
0.6674,3.1777799129486084
0.525,2.6279098987579346
0.9697,6.0227298736572275
0.9466,6.0444397926330575
0.9052,5.837210178375244
0.8385,5.777780055999756
0.7447,4.977270126342773
0.9105,5.785709857940674
0.8423,5.6511597633361825
0.6555,5.113639831542969
0.4221,4.0681800842285165
0.2252,3.318180084228516
0.9348,4.4318199157714835
0.8649,4.177780151367188
0.7541,3.976739883422852
0.6019,3.3636400699615483
0.4253,3.1777799129486084
0.9434,4.813950061798097
0.9048,3.930229902267456
0.8852,3.6136400699615483
0.8253,2.9111099243164062
0.7374,2.4444398880004883
0.9857,5.9555602073669425
0.959,6.066669940948486
0.9064,5.136360168457031
0.8389,3.931819915771485
0.7705,3.3636400699615483
0.9417,5.930230140686035
0.9196,5.545450210571289
0.8793,4.697669982910156
0.8229,3.7441899776458736
0.7451,2.5
0.9537,5.777780055999756
0.9299,5.704549789428711
0.8814,4.599999904632568
0.7931,3.1777799129486084
0.7261,1.86667001247406
0.9121,5.84443998336792
0.8489,4.400000095367432
0.7814,3.048779964447021
0.7236,2.0
0.6901,0.6511600017547607
0.9071,5.666669845581055
0.8825,5.409090042114258
0.7146,4.222219944000243
0.7743,3.2000000476837163
0.5524,2.568180084228516
0.9104,4.840909957885742
0.7913,3.7674400806427
0.6671,3.3488399982452397
0.5995,2.8636400699615483
0.4077,2.1136400699615483
0.9459,5.590909957885742
0.9725,6.15556001663208
0.9496,5.9555602073669425
0.9326,5.023809909820557
0.9159,3.79544997215271
0.9549,3.8863599300384517
0.9584,4.0227298736572275
0.9671,3.95455002784729
0.9774,4.136360168457031
0.9879,4.954549789428711
0.9941,6.2272701263427725
0.9883,5.906980037689209
0.9456,5.422220230102539
0.9378,5.386360168457031
0.7966,4.0232601165771475
0.9937,5.9318199157714835
0.9819,6.666669845581055
0.9706,5.0
0.9371,6.311110019683838
0.8929,3.822220087051392
1.0,5.15556001663208
1.0,4.813950061798097
1.0,4.372089862823486
1.0,4.090909957885741
1.0,3.7674400806427
0.9345,5.909090042114258
0.887,5.333330154418945
0.8172,4.720930099487305
0.7193,4.372089862823486
0.6007,3.9111099243164062
0.8735,6.32558012008667
0.7882,5.644440174102782
0.6728,4.744190216064453
0.5178,3.133330106735229
0.3967,2.4444398880004883
0.9002,5.227270126342773
0.8317,4.555560111999512
0.7372,3.9111099243164062
0.6417,3.1136400699615483
0.6023,2.302330017089844
0.9319,6.333330154418945
0.8673,5.800000190734862
0.7784,5.386360168457031
0.6243,4.488890171051025
0.5253,3.7111101150512695
0.9888,5.909090042114258
0.9674,5.909090042114258
0.8755,5.363639831542969
0.8351,4.477270126342773
0.7701,3.372090101242065
0.9007,5.7727298736572275
0.8428,4.813950061798097
0.7855,3.2272698879241943
0.7265,1.8863600492477417
0.6768,0.7272700071334839
0.9144,5.615379810333252
0.8481,5.6500000953674325
0.7456,5.026319980621338
0.612,4.153850078582764
0.4644,3.94871997833252
0.9754,5.9000000953674325
0.954,6.1500000953674325
0.914,5.574999809265137
0.847,5.199999809265137
0.7443,4.615379810333252
0.9311,4.743589878082275
0.8765,4.078949928283691
0.787,3.6923100948333736
0.6668,3.236840009689331
0.5211,2.794869899749756
0.9666,5.824999809265138
0.9411,5.820509910583496
0.8929,5.75
0.8165,5.128210067749023
0.7108,4.615379810333252
0.9119,5.800000190734862
0.844,5.615379810333252
0.6567,5.2307701110839835
0.4155,4.349999904632568
0.2105,3.394740104675293
0.9551,5.282050132751465
0.9152,4.820509910583496
0.8456,4.538459777832031
0.7247,3.973680019378662
0.5532,3.5897400379180913
0.9375,5.474999904632568
0.9036,4.75
0.846,4.349999904632568
0.7925,3.666670083999634
0.7234,3.1025600433349614
0.982,5.820509910583496
0.9438,5.224999904632568
0.8637,4.275000095367432
0.7725,3.615380048751831
0.6989,2.9249999523162837
0.9463,6.02564001083374
0.9142,5.7692298889160165
0.8532,4.589739799499512
0.7626,3.1282100677490234
0.685,2.3421099185943604
0.9576,5.9000000953674325
0.9304,5.7692298889160165
0.8687,5.256410121917725
0.7555,3.615380048751831
0.6667,2.4615399837493896
0.9009,5.875
0.8326,5.074999809265137
0.705,2.8974399566650386
0.6507,2.075000047683716
0.6425,0.9499999880790709
0.956,5.875
0.8919,5.574999809265137
0.7288,4.925000190734863
0.593,3.2820498943328857
0.3623,2.5999999046325684
0.862,4.599999904632568
0.7886,3.8157899379730233
0.6844,4.461540222167969
0.503,3.0512800216674805
0.3201,3.625
0.9355,5.7692298889160165
0.9687,6.131579875946045
0.9422,5.615379810333252
0.9181,5.526319980621338
0.893,4.574999809265137
0.9578,3.4102599620819087
0.9649,3.5384600162506104
0.9708,3.4749999046325684
0.9768,3.650000095367432
0.988,4.026319980621338
0.9977,5.923079967498778
0.9944,6.2750000953674325
0.9833,5.6842098236083975
0.9705,5.75
0.9255,4.615379810333252
0.9957,5.824999809265138
0.9867,7.0999999046325675
0.9794,4.75
0.9519,6.6500000953674325
0.9134,3.3589699268341064
1.0,4.599999904632568
1.0,4.394740104675293
1.0,4.050000190734863
1.0,3.9230799674987793
0.9998,3.9473700523376474
0.905,5.574999809265137
0.8345,5.375
0.7369,4.615379810333252
0.6135,4.153850078582764
0.4823,3.666670083999634
0.8926,6.076920032501222
0.8124,5.743589878082275
0.6702,5.184209823608398
0.4506,4.125
0.2251,3.5897400379180913
0.9037,5.824999809265138
0.83,5.461540222167969
0.7143,4.2564101219177255
0.56,3.769229888916016
0.5612,1.8461500406265257
0.885,5.615379810333252
0.8162,5.349999904632568
0.6671,4.9459500312805185
0.6121,3.973680019378662
0.4186,2.775000095367432
0.9879,6.125
0.857,4.824999809265137
0.6853,2.700000047683716
0.6556,2.15789008140564
0.6432,1.5263199806213381
0.8986,5.368420124053955
0.8173,4.0526299476623535
0.7057,2.6410300731658936
0.6491,1.84211003780365
0.6422,0.9743599891662598
0.9207,5.891890048980713
0.8605,5.210529804229736
0.7675,5.0512800216674805
0.6493,4.384620189666748
0.5108,3.871789932250977
0.9771,5.75
0.9578,6.0
0.9215,5.824999809265138
0.8618,5.275000095367432
0.7713,4.487180233001709
0.936,4.973680019378662
0.887,4.4359002113342285
0.8047,3.820509910583496
0.6972,3.3499999046325684
0.5628,2.8974399566650386
0.9741,5.7692298889160165
0.9561,5.973680019378662
0.9188,5.333330154418945
0.8561,5.236839771270752
0.7629,4.736839771270752
0.9181,5.824999809265138
0.8565,5.925000190734862
0.6883,5.236839771270752
0.4619,4.179490089416504
0.2524,3.3421099185943604
0.9468,4.236839771270752
0.8874,4.432429790496826
0.7948,4.0
0.6681,3.5499999523162837
0.5094,3.3076899051666264
0.9464,5.717949867248535
0.8951,4.6578898429870605
0.8339,3.8974399566650386
0.7806,3.2051301002502437
0.7322,2.473680019378662
0.9881,5.743589878082275
0.9659,5.224999904632568
0.9167,4.574999809265137
0.8337,3.717950105667114
0.7246,2.9500000476837163
0.9544,6.0250000953674325
0.9342,6.105259895324707
0.8928,5.025000095367432
0.8086,3.820509910583496
0.6799,2.459460020065308
0.963,6.0512800216674805
0.9436,5.925000190734862
0.8953,5.153850078582764
0.7988,3.4249999523162837
0.6803,2.25
0.9322,5.564099788665772
0.8887,5.4359002113342285
0.7902,3.846149921417236
0.6912,2.769229888916016
0.6181,1.024999976158142
0.9531,5.875
0.8947,5.923079967498778
0.8544,5.076920032501222
0.7039,3.9249999523162837
0.4916,2.48717999458313
0.8906,5.150000095367432
0.857,4.449999809265137
0.6906,3.263159990310669
0.6381,2.424999952316284
0.4842,2.368419885635376
0.9581,5.875
0.97,5.794869899749756
0.9459,5.526319980621338
0.9252,4.3589701652526855
0.8934,3.525000095367432
0.9522,3.5499999523162837
0.9588,3.4102599620819087
0.9671,3.256409883499145
0.9759,3.625
0.9887,4.0
0.9932,5.925000190734862
0.9871,6.0250000953674325
0.9423,5.578949928283691
0.9341,5.1578898429870605
0.8634,4.179490089416504
0.9921,5.574999809265137
0.9695,6.625
0.9616,4.487180233001709
0.9181,7.0999999046325675
0.8627,3.3684198856353764
1.0,4.550000190734863
1.0,4.076920032501222
1.0,4.1282100677490225
1.0,3.820509910583496
1.0,3.717950105667114
0.9377,5.7249999046325675
0.892,5.333330154418945
0.8256,4.7692298889160165
0.736,4.307690143585205
0.6295,3.9230799674987793
0.8988,5.75
0.8418,5.449999809265137
0.7535,4.868420124053955
0.5934,4.368420124053955
0.3826,2.8648600578308105
0.9113,5.425000190734863
0.8546,4.794869899749756
0.7736,4.25
0.6682,3.384619951248169
0.533,2.526319980621338
0.9139,5.9749999046325675
0.8515,5.615379810333252
0.7644,4.34211015701294
0.6145,3.5897400379180913
0.5561,2.8974399566650386
0.9932,5.9000000953674325
0.981,5.9000000953674325
0.8892,4.564099788665772
0.7785,3.153850078582764
0.6533,1.9230799674987795
0.921,6.050000190734862
0.8749,5.525000095367432
0.7926,3.973680019378662
0.6795,2.02564001083374
0.6104,0.3421100080013275
0.9488,5.6904802322387695
0.907,5.414629936218262
0.8372,4.849999904632568
0.7402,4.463409900665283
0.6163,4.0
0.9857,5.9512200355529785
0.9728,5.880949974060059
0.9487,5.738100051879883
0.9066,4.63415002822876
0.8385,4.2438998222351065
0.9584,4.976190090179443
0.9246,4.550000190734863
0.8646,3.7381000518798833
0.7755,3.1190500259399414
0.6618,2.5476200580596924
0.9817,6.175000190734862
0.9656,5.880949974060059
0.935,5.878049850463867
0.881,5.317070007324219
0.7933,4.341460227966309
0.9472,6.243899822235107
0.9039,5.60975980758667
0.7732,5.170730113983153
0.5723,4.0
0.3539,3.125
0.9633,4.571430206298828
0.9149,4.150000095367432
0.8483,3.8095200061798096
0.7315,3.7317099571228023
0.5732,3.195120096206665
0.9566,5.571430206298828
0.9263,4.928569793701172
0.8578,4.214290142059326
0.836,3.4047598838806152
0.7829,3.0
0.9809,5.6904802322387695
0.9415,4.658539772033691
0.8474,4.142859935760498
0.6915,3.0476200580596924
0.5226,2.048779964447021
0.9482,6.02439022064209
0.9153,5.880949974060059
0.8319,4.261899948120116
0.6795,3.0243899822235107
0.5207,1.707319974899292
0.9549,6.073170185089111
0.9262,5.780489921569824
0.8602,4.675000190734863
0.7261,3.5
0.5973,2.1707301139831543
0.9443,5.804880142211914
0.9055,5.5
0.8451,4.512199878692627
0.6676,3.0714299678802486
0.4804,1.0
0.9259,6.357140064239503
0.9339,5.36584997177124
0.8274,5.560979843139648
0.7374,4.925000190734863
0.6021,2.6585400104522705
0.9285,4.1463398933410645
0.828,4.357140064239502
0.8126,3.8809499740600586
0.6385,2.902440071105957
0.5064,2.463409900665283
0.9709,4.9512200355529785
0.9673,6.0
0.9281,4.195119857788087
0.8963,4.166669845581056
0.8596,3.341459989547729
0.9512,3.2195100784301762
0.9597,3.341459989547729
0.9684,3.2000000476837163
0.9783,3.525000095367432
0.9892,3.952379941940308
0.9961,6.414629936218263
0.9915,5.952380180358888
0.9556,5.6904802322387695
0.9496,5.0
0.8147,4.2564101219177255
0.9945,5.928569793701173
0.9847,6.097559928894043
0.9687,4.414629936218262
0.943,5.904759883880615
0.8626,3.487799882888794
1.0,5.02439022064209
1.0,4.800000190734863
1.0,4.357140064239502
1.0,4.071430206298828
1.0,4.095240116119385
0.9621,5.142859935760498
0.9305,5.071430206298828
0.8752,4.375
0.7908,3.853660106658936
0.673,3.707319974899292
0.9205,6.166669845581055
0.8705,5.571430206298828
0.7915,5.36584997177124
0.6585,4.36584997177124
0.4236,3.3250000476837163
0.9338,5.523809909820557
0.8834,5.341460227966309
0.8026,4.5
0.6787,3.2618999481201167
0.5043,2.3170700073242188
0.9522,5.714290142059326
0.8978,4.404759883880615
0.8157,3.682929992675781
0.7638,2.952379941940308
0.5837,2.3333299160003658
0.995,6.309519767761231
0.9854,6.1904802322387695
0.9722,6.074999809265138
0.9487,5.928569793701173
0.7906,4.0
0.9453,5.902440071105957
0.8981,5.595240116119385
0.8091,4.585370063781738
0.667,3.2195100784301762
0.4828,1.0238100290298462
0.9449,5.7297301292419425
0.9019,5.108109951019287
0.8326,4.605259895324707
0.7394,4.1351399421691895
0.628,3.5675699710845947
0.9845,6.081079959869385
0.9708,5.648650169372559
0.945,5.578949928283691
0.9009,5.0
0.8323,4.472219944000244
0.9557,4.666669845581055
0.9204,4.0540499687194815
0.8604,3.6315801143646236
0.7768,3.0
0.6726,2.526319980621338
0.9884,5.894740104675293
0.9743,5.945950031280518
0.9517,5.894740104675293
0.9222,5.243239879608153
0.8439,4.486489772796631
0.9437,5.973680019378662
0.8992,5.5
0.7708,5.078949928283691
0.5882,4.0
0.3974,3.184210062026977
0.969,4.736839771270752
0.9356,4.648650169372559
0.8776,3.8684198856353764
0.792,3.5675699710845947
0.6575,3.189189910888672
0.9573,5.378379821777344
0.9299,4.675680160522461
0.9028,3.888890027999878
0.8712,3.1944398880004883
0.8147,2.605259895324707
0.9791,5.351349830627441
0.9321,4.702700138092041
0.8214,3.763159990310669
0.6598,2.891890048980713
0.5046,2.270270109176636
0.9553,6.081079959869385
0.929,5.894740104675293
0.8817,4.868420124053955
0.8073,3.270270109176636
0.6874,1.8648600578308103
0.9611,5.736839771270753
0.9374,5.472219944000244
0.8823,4.861110210418701
0.778,3.0
0.679,1.65788996219635
0.9321,5.526319980621338
0.897,4.973680019378662
0.8472,4.526319980621338
0.7271,2.9459500312805176
0.5901,1.236840009689331
0.9531,6.131579875946045
0.9133,5.594590187072754
0.8886,5.184209823608398
0.9014,5.081079959869385
0.7242,4.527780055999756
0.9493,4.675680160522461
0.873,4.0526299476623535
0.8216,3.6216199398040767
0.6955,3.0789499282836914
0.5839,1.9473700523376465
0.9726,5.611110210418701
0.9737,6.026319980621338
0.9481,5.4594597816467285
0.9209,4.921050071716309
0.8941,3.64864993095398
0.9513,2.888890027999878
0.9614,3.2777800559997563
0.9705,3.51350998878479
0.9785,3.6842100620269775
0.989,3.5405399799346924
0.998,6.131579875946045
0.9955,6.263160228729247
0.9831,5.289470195770264
0.9732,5.84211015701294
0.9265,4.416669845581055
0.9946,5.473680019378662
0.985,6.189189910888673
0.969,4.432429790496826
0.9443,5.756760120391847
0.8648,3.3421099185943604
1.0,5.1351399421691895
1.0,4.388889789581299
1.0,4.243239879608153
1.0,4.081079959869385
1.0,4.0540499687194815
0.95,5.540540218353272
0.91,4.972970008850098
0.8474,4.555560111999512
0.7602,4.314290046691895
0.6521,3.555560111999512
0.9207,5.702700138092041
0.8635,5.710529804229736
0.7786,5.189189910888672
0.6407,4.138889789581299
0.443,3.052629947662353
0.9353,5.405409812927246
0.8876,5.1621599197387695
0.8048,4.081079959869385
0.6895,3.5675699710845947
0.5407,2.25
0.9419,5.736839771270753
0.9037,5.324319839477539
0.8325,4.400000095367432
0.7152,3.9473700523376474
0.5854,2.7567598819732666
0.996,5.868420124053955
0.9881,6.289470195770264
0.9773,5.756760120391847
0.961,5.763160228729247
0.9362,5.216219902038574
0.9315,5.4594597816467285
0.8841,4.702700138092041
0.8158,3.638890027999878
0.7198,2.5
0.5908,0.7777799963951111
0.9358,5.7692298889160165
0.8846,5.512819766998291
0.8037,4.921050071716309
0.6902,4.4359002113342285
0.5545,3.7837800979614262
0.9783,5.84211015701294
0.9604,5.794869899749756
0.9271,5.513510227203369
0.8722,5.282050132751465
0.7857,4.487180233001709
0.9482,4.947370052337647
0.9063,4.210529804229736
0.8361,3.810810089111328
0.7381,3.1282100677490234
0.6137,2.65789008140564
0.9791,5.710529804229736
0.9626,5.473680019378662
0.9339,5.1578898429870605
0.8892,4.729730129241943
0.8264,4.0540499687194815
0.9336,6.026319980621338
0.8816,5.763160228729247
0.7274,5.394740104675293
0.5024,4.2307701110839835
0.2843,2.9210500717163086
0.9149,4.973680019378662
0.8398,4.138889789581299
0.7068,3.9473700523376474
0.5357,3.4358999729156494
0.3702,3.1025600433349614
0.9728,5.282050132751465
0.955,4.729730129241943
0.9179,4.473680019378662
0.8918,3.736840009689331
0.8715,3.2820498943328857
0.9899,5.6578898429870605
0.9704,5.297299861907959
0.927,4.027780055999757
0.8595,3.4210500717163086
0.7776,2.589740037918091
0.9722,6.263160228729247
0.9599,6.131579875946045
0.9366,5.333330154418945
0.8864,3.7567598819732666
0.8049,2.216219902038574
0.9728,6.131579875946045
0.9581,5.736839771270753
0.9263,4.944439888000488
0.8689,3.5789499282836914
0.8168,2.7435901165008545
0.9497,5.578949928283691
0.9216,4.84211015701294
0.8599,3.4324300289154053
0.7902,2.052629947662353
0.7252,0.7435899972915649
0.9509,6.1282100677490225
0.9969,5.307690143585205
0.8622,4.447370052337647
0.8142,4.2564101219177255
0.6732,2.5789499282836914
0.9611,5.153850078582764
0.8289,3.789469957351685
0.9024,3.820509910583496
0.6479,2.891890048980713
0.5308,2.0270299911499023
0.9812,6.026319980621338
0.9714,5.84211015701294
0.9423,4.5526299476623535
0.9273,4.1282100677490225
0.9002,3.3684198856353764
0.949,3.2307701110839844
0.9573,3.3421099185943604
0.9676,3.6923100948333736
0.9777,3.8974399566650386
0.9885,4.0512800216674805
0.9969,6.0512800216674805
0.9939,6.054049968719482
0.9774,5.405409812927246
0.9718,5.1351399421691895
0.9209,4.717949867248535
0.9916,5.615379810333252
0.967,6.333330154418945
0.9646,4.324319839477538
0.9072,5.8717899322509775
0.888,3.5384600162506104
1.0,5.615379810333252
1.0,5.236839771270752
1.0,4.5
1.0,4.1351399421691895
1.0,4.105259895324707
0.9119,5.820509910583496
0.8464,5.179490089416504
0.7563,4.794869899749756
0.6443,4.0
0.527,3.4615399837493896
0.9275,6.1578898429870605
0.8828,5.461540222167969
0.8227,4.789470195770264
0.7307,3.526319980621338
0.6124,2.7179501056671143
0.943,5.5526299476623535
0.9086,4.763160228729248
0.8638,4.0
0.81,3.2432401180267334
0.7536,2.5789499282836914
0.9358,6.0
0.8858,5.105259895324707
0.8226,4.526319980621338
0.726,4.108109951019287
0.5953,3.729729890823364
0.9956,5.94871997833252
0.9873,6.256410121917725
0.9744,5.820509910583496
0.9112,4.729730129241943
0.8145,3.153850078582764
0.9457,6.1842098236083975
0.9137,5.078949928283691
0.8647,3.4324300289154053
0.7929,1.97435998916626
0.7239,0.8421099781990051
0.9324,5.511630058288574
0.8802,5.069769859313965
0.799,4.488369941711426
0.6943,3.906980037689209
0.5765,3.4883699417114262
0.9805,5.809519767761231
0.9635,5.5348801612854
0.9312,5.4418601989746085
0.8794,4.813950061798097
0.7978,4.150000095367432
0.9455,4.395349979400635
0.9016,3.926830053329468
0.8339,3.166670083999634
0.7376,3.069770097732544
0.6228,2.5581400394439697
0.9847,5.930230140686035
0.9716,6.0232601165771475
0.9469,5.463409900665283
0.9018,5.333330154418945
0.8332,4.650000095367432
0.93,5.697669982910156
0.8764,5.906980037689209
0.7293,5.11628007888794
0.5345,3.9285700321197514
0.3395,3.0
0.9645,4.926829814910889
0.9255,4.380949974060059
0.8637,4.02439022064209
0.7566,3.5
0.6234,3.0476200580596924
0.9599,5.02439022064209
0.9358,4.449999809265137
0.9055,4.166669845581056
0.8568,3.5952401161193848
0.8359,3.166670083999634
0.9806,5.5
0.9405,4.857140064239502
0.8502,4.11628007888794
0.7223,3.2325599193573
0.595,2.162790060043335
0.9608,6.074999809265138
0.9411,6.1904802322387695
0.8873,5.309519767761231
0.7765,3.7674400806427
0.6245,2.093019962310791
0.9597,6.309519767761231
0.9359,5.880949974060059
0.8856,5.1395301818847665
0.7931,3.2618999481201167
0.6948,1.926830053329468
0.9494,6.121950149536133
0.9157,5.395349979400635
0.8627,4.6904802322387695
0.7395,3.0
0.5734,1.0465099811553955
0.9822,5.7906999588012695
0.9667,4.767439842224121
0.9048,6.0
0.7965,5.619050025939941
0.7161,2.0238099098205566
0.9254,4.452380180358887
0.9065,3.6904799938201904
0.7785,3.1707301139831543
0.6743,2.3488399982452397
0.4788,2.5581400394439697
0.9745,5.906980037689209
0.963,6.170730113983153
0.927,5.952380180358888
0.8991,4.333330154418944
0.8718,3.6511600017547607
0.9503,2.8536601066589355
0.9582,3.2682900428771973
0.9678,3.5714299678802486
0.978,3.7618999481201167
0.9889,3.714289903640747
0.9977,6.121950149536133
0.9946,5.930230140686035
0.9811,5.714290142059326
0.9717,5.166669845581055
0.9169,4.67441987991333
0.9948,5.341460227966309
0.9845,6.261899948120117
0.9731,4.357140064239502
0.9433,6.302330017089844
0.8842,3.5499999523162837
1.0,4.857140064239502
1.0,4.317070007324219
1.0,4.119050025939941
1.0,3.6097600460052486
1.0,3.785710096359253
0.9223,5.380949974060059
0.8658,4.7906999588012695
0.7864,4.071430206298828
0.6904,3.642859935760498
0.5869,3.4186000823974614
0.9199,5.9749999046325675
0.8783,5.67441987991333
0.8115,5.6904802322387695
0.7024,4.8837199211120605
0.5262,3.837209939956665
0.9367,5.5348801612854
0.8914,5.142859935760498
0.8128,4.309519767761231
0.687,3.619050025939941
0.5081,2.7317099571228027
0.9384,5.357140064239502
0.8797,5.476190090179443
0.8084,4.4418601989746085
0.7221,3.372090101242065
0.6427,3.0
0.9945,6.11628007888794
0.9844,5.904759883880615
0.9681,5.67441987991333
0.944,5.238100051879883
0.6986,2.857140064239502
0.9449,5.8837199211120605
0.8986,5.720930099487305
0.8207,5.0
0.6988,3.073169946670532
0.5625,0.5238100290298462
0.9351,5.8157901763916025
0.8833,5.236839771270752
0.7991,4.846149921417236
0.6834,4.1578898429870605
0.5484,3.717950105667114
0.9815,5.605259895324707
0.9652,5.820509910583496
0.9344,5.473680019378662
0.8822,5.131579875946045
0.798,4.578949928283691
0.948,4.794869899749756
0.9047,4.34211015701294
0.8331,3.6842100620269775
0.732,3.0769200325012207
0.6029,2.702699899673462
0.9738,5.7692298889160165
0.9543,5.717949867248535
0.9142,5.4359002113342285
0.847,5.0
0.7463,4.307690143585205
0.9333,5.868420124053955
0.88,5.6842098236083975
0.7237,4.871789932250977
0.4997,4.1842098236083975
0.2823,3.184210062026977
0.9601,4.702700138092041
0.9225,4.243239879608153
0.8512,3.763159990310669
0.7439,3.5675699710845947
0.5869,3.2432401180267334
0.954,5.589739799499512
0.9209,5.081079959869385
0.8766,4.578949928283691
0.8388,3.894740104675293
0.7762,2.7435901165008545
0.9776,5.447370052337647
0.9311,4.631579875946045
0.83,3.7837800979614262
0.6976,3.1282100677490234
0.5814,2.5384600162506104
0.9382,5.846149921417236
0.8941,5.526319980621338
0.8088,4.621620178222656
0.7041,3.333329916000366
0.5992,2.0512800216674805
0.9466,5.837840080261231
0.912,5.589739799499512
0.8383,5.0
0.7085,3.5897400379180913
0.6133,2.0789499282836914
0.9254,5.3589701652526855
0.8641,5.512819766998291
0.7668,4.263160228729248
0.6069,2.631580114364624
0.522,0.8684200048446655
0.9976,5.263160228729248
0.8887,5.7692298889160165
0.8387,5.743589878082275
0.6526,4.368420124053955
0.4476,2.763159990310669
0.9238,5.256410121917725
0.8348,4.4359002113342285
0.7161,3.6842100620269775
0.5735,2.871789932250977
0.5102,2.51282000541687
0.9637,5.7692298889160165
0.968,5.861110210418701
0.9344,5.763160228729247
0.8981,4.621620178222656
0.8712,4.102560043334962
0.9546,3.052629947662353
0.9618,3.026319980621338
0.9702,3.2162199020385738
0.9801,3.394740104675293
0.9885,3.736840009689331
0.9976,5.8648600578308105
0.9947,5.410260200500488
0.9801,6.0512800216674805
0.9674,4.605259895324707
0.9089,5.256410121917725
0.9949,5.333330154418945
0.9853,6.0
0.9732,4.222219944000243
0.9428,6.2307701110839835
0.8832,3.3783800601959233
1.0,5.153850078582764
1.0,4.684209823608398
1.0,4.236839771270752
1.0,3.763159990310669
1.0,3.25
0.9333,5.131579875946045
0.8848,5.131579875946045
0.8127,4.666669845581055
0.7139,4.0
0.595,3.5897400379180913
0.9068,5.710529804229736
0.8417,5.736839771270753
0.722,5.5526299476623535
0.5259,4.897439956665039
0.2513,3.64864993095398
0.9205,5.578949928283691
0.858,5.026319980621338
0.7588,4.6578898429870605
0.6111,3.5641000270843506
0.4319,2.631580114364624
0.9338,5.923079967498778
0.8678,5.351349830627441
0.7863,4.897439956665039
0.6698,4.447370052337647
0.603,2.894740104675293
0.9925,6.324319839477539
0.9768,6.131579875946045
0.947,5.210529804229736
0.795,4.4359002113342285
0.5785,2.102560043334961
0.9222,5.820509910583496
0.8494,5.421050071716309
0.7375,4.216219902038573
0.6091,2.256409883499145
0.5199,0.3684200048446655
0.902,5.6857099533081055
0.8266,5.057139873504639
0.7128,4.764709949493408
0.5731,4.085710048675537
0.4274,3.735290050506592
0.9717,6.147059917449951
0.9465,5.848480224609375
0.9016,5.45713996887207
0.8262,5.028570175170898
0.7127,4.323530197143556
0.9211,4.617650032043457
0.8597,4.1714301109313965
0.7608,3.5588200092315674
0.6297,3.264709949493408
0.4856,2.6764700412750244
0.9792,5.617650032043457
0.9612,5.647059917449951
0.9293,5.323530197143555
0.8752,4.794119834899902
0.794,4.529409885406494
0.8983,6.057139873504639
0.8217,5.5
0.6189,5.090909957885742
0.3815,4.314290046691895
0.2015,3.352940082550049
0.9421,4.617650032043457
0.8873,4.352940082550049
0.7943,4.029409885406493
0.6554,3.617650032043457
0.4798,3.294120073318481
0.9373,4.970590114593506
0.899,3.8484799861907963
0.866,3.6857099533081055
0.835,3.4411799907684326
0.7913,2.787879943847656
0.991,5.942860126495361
0.9754,5.529409885406494
0.9411,4.676469802856445
0.8852,3.9411799907684326
0.8177,2.771430015563965
0.9604,6.696969985961914
0.9484,6.057139873504639
0.925,5.705880165100098
0.8867,4.264709949493408
0.8199,2.647059917449951
0.9668,5.9714298248291025
0.954,5.794119834899902
0.9218,5.029409885406494
0.8506,3.647059917449951
0.7776,2.400000095367432
0.9355,5.257140159606934
0.8979,4.571430206298828
0.8534,3.117650032043457
0.8051,2.242419958114624
0.7526,0.8235300183296204
0.9593,5.9696998596191415
0.9775,5.742859840393066
0.8454,3.7999999523162837
0.764,2.8857100009918213
0.6537,1.8571399450302124
0.9299,4.54286003112793
0.8123,4.151519775390625
0.7161,3.342859983444214
0.5896,2.470590114593506
0.4297,2.5882399082183842
0.9668,6.085710048675537
0.981,6.294119834899902
0.9635,5.058819770812988
0.9434,5.058819770812988
0.9214,3.5999999046325684
0.9475,2.9428598880767822
0.9567,2.9714300632476807
0.966,3.2571399211883545
0.9762,3.411760091781616
0.9874,3.628570079803467
0.9974,6.333330154418945
0.9939,5.828569889068604
0.9818,5.823530197143555
0.9692,5.199999809265137
0.919,5.714290142059326
0.9956,5.666669845581055
0.9872,6.800000190734862
0.9812,4.828569889068604
0.9528,6.6857099533081055
0.9248,3.882349967956543
1.0,5.764709949493407
1.0,5.647059917449951
1.0,5.441180229187012
1.0,5.057139873504639
1.0,4.382349967956543
0.9004,5.714290142059326
0.827,4.971429824829102
0.72,4.617650032043457
0.5879,3.885710000991821
0.445,3.4285700321197514
0.8792,5.599999904632568
0.8235,5.088240146636963
0.7494,4.09375
0.6616,3.342859983444214
0.5625,2.657140016555786
0.9014,5.599999904632568
0.8347,4.794119834899902
0.727,4.1212100982666025
0.5863,3.5142900943756104
0.5031,2.4117600917816158
0.9148,6.176469802856445
0.846,5.885709762573242
0.7316,5.029409885406494
0.6361,4.647059917449951
0.4869,4.0
0.9925,6.303030014038086
0.981,5.911759853363037
0.9254,5.1714301109313965
0.8925,3.7575800418853764
0.8209,3.0
0.9298,5.852940082550049
0.896,4.735290050506592
0.843,3.676470041275024
0.7836,1.727270007133484
0.7441,0.7878800034523009
0.9395,5.885709762573242
0.8911,5.055560111999512
0.8104,4.722219944000244
0.7011,4.142859935760498
0.568,3.583329916000366
0.983,6.444439888000487
0.9678,5.911759853363037
0.9385,5.138889789581299
0.8899,5.085710048675537
0.8113,4.527780055999756
0.951,4.800000190734863
0.9115,4.257140159606934
0.8427,3.828569889068604
0.7479,3.285710096359253
0.6232,2.6944398880004883
0.9796,5.857140064239503
0.9629,5.833330154418945
0.9299,5.529409885406494
0.8705,5.166669845581055
0.7766,4.571430206298828
0.9375,5.805560111999513
0.8874,5.333330154418945
0.7393,5.138889789581299
0.5226,4.0285701751708975
0.3045,3.25
0.9646,4.647059917449951
0.9312,4.371429920196533
0.871,3.9714300632476807
0.7671,3.666670083999634
0.6191,3.285710096359253
0.9611,5.527780055999756
0.9314,4.571430206298828
0.8816,4.088240146636963
0.837,2.8857100009918213
0.7528,2.4444398880004883
0.9833,5.944439888000487
0.9476,4.971429824829102
0.8607,4.057139873504639
0.7254,3.1764700412750244
0.5861,2.617650032043457
0.9592,6.0
0.9304,5.294119834899902
0.8652,4.527780055999756
0.7484,3.388890027999878
0.6009,2.0
0.9612,5.885709762573242
0.9341,5.828569889068604
0.8695,4.657139778137207
0.7477,3.2777800559997563
0.6343,1.8529399633407595
0.9414,5.400000095367432
0.8951,4.696969985961914
0.821,4.029409885406493
0.6561,2.571429967880249
0.512,0.916670024394989
0.979,5.6857099533081055
0.9561,6.085710048675537
0.8745,5.48484992980957
0.6539,3.5
0.4968,2.5833299160003658
0.9182,4.058819770812988
0.8803,3.7428600788116455
0.8016,3.3142900466918945
0.6018,2.888890027999878
0.6389,2.5
0.9627,6.0
0.9646,5.9714298248291025
0.9353,5.342860221862793
0.9085,5.138889789581299
0.876,4.638889789581299
0.9579,4.027780055999757
0.9629,4.400000095367432
0.9705,3.885710000991821
0.9769,3.666670083999634
0.9884,3.388890027999878
0.9976,5.9714298248291025
0.9946,6.111110210418701
0.9783,5.45713996887207
0.9695,5.611110210418701
0.898,4.885709762573242
0.9951,5.75
0.987,6.472219944000244
0.9732,4.805560111999512
0.9475,6.722219944000244
0.881,3.5999999046325684
1.0,4.800000190734863
1.0,4.393939971923828
1.0,3.911760091781616
1.0,4.114290237426759
1.0,3.7941200733184814
0.9396,5.571430206298828
0.893,5.176469802856445
0.8231,4.777780055999756
0.7244,4.088240146636963
0.5999,3.857140064239502
0.9269,6.142859935760497
0.8738,5.611110210418701
0.7893,5.1714301109313965
0.6319,4.0285701751708975
0.3808,3.5142900943756104
0.9252,5.777780055999756
0.8704,4.828569889068604
0.7798,4.142859935760498
0.6479,3.361109972000122
0.4758,2.685709953308105
0.9388,5.771430015563965
0.8843,5.029409885406494
0.7859,4.617650032043457
0.6174,3.333329916000366
0.5002,2.742860078811645
0.9936,5.800000190734862
0.98,6.027780055999756
0.9581,5.6857099533081055
0.9223,5.088240146636963
0.6035,2.294120073318481
0.945,5.705880165100098
0.8909,5.342860221862793
0.8057,4.342860221862793
0.6638,2.742860078811645
0.5059,0.4166699945926666
0.9478,5.142859935760498
0.9097,4.676469802856445
0.8513,4.400000095367432
0.7815,3.885710000991821
0.7047,3.4444398880004883
0.9849,5.54286003112793
0.9717,5.277780055999756
0.9473,5.25
0.9079,4.45713996887207
0.8509,3.771430015563965
0.9577,4.0
0.9257,3.583329916000366
0.8756,3.25
0.8107,2.914289951324463
0.7347,2.4166700839996342
0.9954,6.393939971923827
0.9909,6.166669845581055
0.9827,5.888889789581299
0.9672,5.5
0.9392,5.235290050506592
0.9461,5.333330154418945
0.9064,5.257140159606934
0.8036,4.611110210418701
0.6782,3.857140064239502
0.5496,2.75
0.967,4.400000095367432
0.938,4.285709857940674
0.8896,3.705879926681519
0.806,3.4722199440002437
0.7095,3.0277800559997563
0.9824,3.5
0.9737,3.142859935760498
0.9653,3.0302999019622803
0.95,2.714289903640747
0.9255,2.742860078811645
0.9643,5.529409885406494
0.879,5.055560111999512
0.7301,4.2941198348999015
0.5953,3.1764700412750244
0.4875,1.9444400072097776
0.996,5.833330154418945
0.992,5.199999809265137
0.9795,4.228569984436035
0.9192,3.117650032043457
0.7677,1.3333300352096558
0.9904,5.857140064239503
0.9809,5.571430206298828
0.9492,4.257140159606934
0.8743,2.1470599174499507
0.7747,1.472219944000244
0.9929,6.085710048675537
0.9888,5.861110210418701
0.9761,5.361110210418701
0.9609,4.972219944000244
0.9153,4.599999904632568
0.998,6.027780055999756
0.9935,5.800000190734862
0.95,4.833330154418945
0.9317,5.0303001403808585
0.9123,4.666669845581055
0.9438,4.828569889068604
0.9727,5.714290142059326
0.9252,3.6857099533081055
0.9264,4.571430206298828
0.8458,3.02856993675232
0.9947,5.714290142059326
0.9788,5.142859935760498
0.9676,5.088240146636963
0.9521,3.828569889068604
0.9349,3.111109972000122
0.9469,3.2777800559997563
0.9574,2.939389944076538
0.9673,3.5277800559997563
0.9778,3.9705901145935063
0.9887,4.142859935760498
0.9975,5.916669845581055
0.9932,6.416669845581055
0.9777,5.771430015563965
0.9617,5.555560111999512
0.9156,4.470590114593506
0.9927,5.611110210418701
0.9887,6.857140064239503
0.9596,4.485710144042969
0.9659,6.388889789581299
0.842,3.285710096359253
1.0,5.611110210418701
1.0,5.058819770812988
1.0,4.444439888000488
1.0,4.0
1.0,2.6764700412750244
0.9515,5.166669845581055
0.9179,4.285709857940674
0.8702,3.833329916000366
0.8101,3.7941200733184814
0.743,3.342859983444214
0.9886,5.676469802856445
0.9793,5.54286003112793
0.9647,5.0
0.9405,4.972219944000244
0.8953,4.057139873504639
0.9726,5.1714301109313965
0.9478,4.45713996887207
0.9547,4.885709762573242
0.8312,3.4285700321197514
0.7537,2.914289951324463
0.9198,4.805560111999512
0.8694,4.25
0.8001,3.7941200733184814
0.7371,3.400000095367432
0.7049,2.794120073318481
0.9992,6.305560111999513
0.9977,6.277780055999756
0.9952,6.1714301109313965
0.992,6.142859935760497
0.9874,5.9714298248291025
0.9836,5.657139778137207
0.9642,5.444439888000488
0.9269,4.628570079803467
0.8857,4.027780055999757
0.8251,2.771430015563965
